{"type":"Topology","arcs":[[[0,0],[100,0],[0,100],[-100,0],[0,-100]]],"transform":{"scale":[1,1],"translate":[0,0]},"objects":{"world":{"type":"GeometryCollection","geometries":[{"type":"Polygon","arcs":[[0]],"id":"USA","properties":{"name":"United States"}},{"type":"Polygon","arcs":[[0]],"id":"CHN","properties":{"name":"China"}},{"type":"Polygon","arcs":[[0]],"id":"IND","properties":{"name":"India"}},{"type":"Polygon","arcs":[[0]],"id":"RUS","properties":{"name":"Russia"}},{"type":"Polygon","arcs":[[0]],"id":"JPN","properties":{"name":"Japan"}},{"type":"Polygon","arcs":[[0]],"id":"DEU","properties":{"name":"Germany"}},{"type":"Polygon","arcs":[[0]],"id":"CAN","properties":{"name":"Canada"}},{"type":"Polygon","arcs":[[0]],"id":"GBR","properties":{"name":"United Kingdom"}},{"type":"Polygon","arcs":[[0]],"id":"KOR","properties":{"name":"South Korea"}},{"type":"Polygon","arcs":[[0]],"id":"FRA","properties":{"name":"France"}}]}}}